<?xml version="1.0" encoding="UTF-8" ?>  
<!DOCTYPE tiles-definitions PUBLIC  
       "-//Apache Software Foundation//DTD Tiles Configuration 3.0//EN"  
       "http://tiles.apache.org/dtds/tiles-config_3_0.dtd">  
<tiles-definitions>  
    <definition name="base.definition"  
        template="/WEB-INF/jsp/layout.jsp">  
        <put-attribute name="title" value="" />  
        <put-attribute name="header" value="/WEB-INF/jsp/header.jsp" />  
        <put-attribute name="menu" value="/WEB-INF/jsp/menu.jsp" />  
        <put-attribute name="body" value="" />  
        <put-attribute name="footer" value="/WEB-INF/jsp/footer.jsp" />  
    </definition>  
    
  <!--Every JSP page has to be defined here with the required content to properly resolve the views
      JSP pages are listed in alphabetical order-->
    
    <definition name="addcourse" extends="base.definition">  
        <put-attribute name="title" value="Add course to class" />  
        <put-attribute name="body" value="/WEB-INF/jsp/addcourse.jsp" />  
    </definition>
    
    <definition name="class" extends="base.definition">  
        <put-attribute name="title" value="Class home" />  
        <put-attribute name="body" value="/WEB-INF/jsp/class.jsp" />  
    </definition>
    
    <definition name="classcreate" extends="base.definition">  
        <put-attribute name="title" value="Class create" />  
        <put-attribute name="body" value="/WEB-INF/jsp/classcreate.jsp" />  
    </definition>
    
    <definition name="classoverview" extends="base.definition">  
        <put-attribute name="title" value="Class overview" />  
        <put-attribute name="body" value="/WEB-INF/jsp/classoverview.jsp" />  
    </definition>
    
    <definition name="course" extends="base.definition">  
        <put-attribute name="title" value="Course" />  
        <put-attribute name="body" value="/WEB-INF/jsp/course.jsp" />  
    </definition>  
    
    <definition name="courseCreate" extends="base.definition">  
        <put-attribute name="title" value="Course creation" />  
        <put-attribute name="body" value="/WEB-INF/jsp/courseCreate.jsp" />  
    </definition>
    
        <definition name="courseDelete" extends="base.definition">  
        <put-attribute name="title" value="Course delete" />  
        <put-attribute name="body" value="/WEB-INF/jsp/courseDelete.jsp" />  
    </definition>
    
    <definition name="courseInfo" extends="base.definition">  
        <put-attribute name="title" value="Course information" />  
        <put-attribute name="body" value="/WEB-INF/jsp/courseInfo.jsp" />  
    </definition>
    
    <definition name="courseOverview" extends="base.definition">  
        <put-attribute name="title" value="Course overview" />  
        <put-attribute name="body" value="/WEB-INF/jsp/courseOverview.jsp" />  
    </definition>
    
    <definition name="coursesummary" extends="base.definition">  
        <put-attribute name="title" value="Course Summary" />  
        <put-attribute name="body" value="/WEB-INF/jsp/coursesummary.jsp" />  
    </definition>
    
    <definition name="home" extends="base.definition">  
        <put-attribute name="title" value="Home" />  
        <put-attribute name="body" value="/WEB-INF/jsp/home.jsp" />  
    </definition>
    
    <definition name="index" extends="base.definition">  
        <put-attribute name="title" value="Index" />  
        <put-attribute name="body" value="/WEB-INF/jsp/index.jsp" />  
    </definition>
    
    <definition name="login" extends="base.definition">  
        <put-attribute name="menu" value="" />  
        <put-attribute name="title" value="Login" />  
        <put-attribute name="body" value="/WEB-INF/jsp/login.jsp" />  
    </definition>
    
    <definition name="overview" extends="base.definition">  
        <put-attribute name="title" value="Overview?" />  
        <put-attribute name="body" value="/WEB-INF/jsp/overview.jsp" />  
    </definition>
    
    <definition name="semesterCreate" extends="base.definition">  
        <put-attribute name="title" value="Semester creation" />  
        <put-attribute name="body" value="/WEB-INF/jsp/semesterCreate.jsp" />  
    </definition>
    
    <definition name="semesterOverview" extends="base.definition">  
        <put-attribute name="title" value="Semester overview" />  
        <put-attribute name="body" value="/WEB-INF/jsp/semesterOverview.jsp" />  
    </definition>
    
    <definition name="teacherEdit" extends="base.definition">  
        <put-attribute name="title" value="Teacher edit" />  
        <put-attribute name="body" value="/WEB-INF/jsp/teacherEdit.jsp" />  
    </definition>
    
    <definition name="teacherOverview" extends="base.definition">  
        <put-attribute name="title" value="Teacher overview" />  
        <put-attribute name="body" value="/WEB-INF/jsp/teacherOverview.jsp" />  
    </definition>
    
    <definition name="teacherhome" extends="base.definition">  
        <put-attribute name="title" value="Teacher home" />  
        <put-attribute name="body" value="/WEB-INF/jsp/teacherhome.jsp" />  
    </definition>
    
    <definition name="teacherRegistration" extends="base.definition">  
        <put-attribute name="title" value="register" />  
        <put-attribute name="body" value="/WEB-INF/jsp/teacherRegistration.jsp" />  
    </definition>
    
    <definition name="error/unauthorized" extends="base.definition">  
        <put-attribute name="title" value="Unauthorized error" />  
        <put-attribute name="body" value="/WEB-INF/jsp/error/unauthorized.jsp" />  
    </definition>
  
</tiles-definitions>  